epoch,difficulty,train_loss
1,0.0033161297629702435,1.28954549709169
2,0.48208880484636996,1.1260822017003995
3,0.2175179537307239,1.0246599818220232
